{"cameraMode":{"drawMode":0,"name":"Shaded","section":"Shading Mode"},"sceneLighting":false,"audioPlay":false,"sceneViewState":{"showFog":true,"showMaterialUpdate":false,"showSkybox":false,"showFlares":true,"showImageEffects":true,"showParticleSystems":true},"in2DMode":false,"pivot":{"x":0.8679850697517395,"y":-1.0355275869369507,"z":0.36083510518074038},"rotation":{"x":0.10291993618011475,"y":0.5580636262893677,"z":-0.0700380727648735,"w":0.8204420804977417},"size":3.589951753616333,"orthographic":false}