{"cameraMode":{"drawMode":0,"name":"Shaded","section":"Shading Mode"},"sceneLighting":false,"audioPlay":false,"sceneViewState":{"showFog":true,"showMaterialUpdate":false,"showSkybox":false,"showFlares":true,"showImageEffects":true,"showParticleSystems":true},"in2DMode":false,"pivot":{"x":1672.5648193359375,"y":552.1743774414063,"z":-1393.2694091796875},"rotation":{"x":0.1480727195739746,"y":-0.4927099943161011,"z":0.08835983276367188,"w":0.8529385328292847},"size":10.0,"orthographic":false}