{"cameraMode":{"drawMode":0,"name":"Shaded","section":"Shading Mode"},"sceneLighting":false,"audioPlay":false,"sceneViewState":{"showFog":true,"showMaterialUpdate":false,"showSkybox":false,"showFlares":true,"showImageEffects":true,"showParticleSystems":true},"in2DMode":false,"pivot":{"x":-82.2391357421875,"y":-449.12591552734377,"z":810.7481079101563},"rotation":{"x":0.1905689537525177,"y":-0.0750219002366066,"z":0.014606552198529244,"w":0.9787021279335022},"size":2420.843994140625,"orthographic":false}