{"cameraMode":{"drawMode":0,"name":"Shaded","section":"Shading Mode"},"sceneLighting":true,"audioPlay":false,"sceneViewState":{"showFog":true,"showMaterialUpdate":false,"showSkybox":true,"showFlares":true,"showImageEffects":true,"showParticleSystems":true},"in2DMode":false,"pivot":{"x":150.91490173339845,"y":-53.43091583251953,"z":71.6903305053711},"rotation":{"x":-0.16540710628032685,"y":-0.4657904803752899,"z":0.08909880369901657,"w":-0.8647255897521973},"size":97.32157897949219,"orthographic":false}