{"cameraMode":{"drawMode":0,"name":"Shaded","section":"Shading Mode"},"sceneLighting":false,"audioPlay":false,"sceneViewState":{"showFog":true,"showMaterialUpdate":false,"showSkybox":false,"showFlares":true,"showImageEffects":true,"showParticleSystems":true},"in2DMode":false,"pivot":{"x":-2.2297048568725588,"y":0.1617807149887085,"z":-1.9424502849578858},"rotation":{"x":0.04805232957005501,"y":0.09903379529714585,"z":-0.004821897950023413,"w":0.9939467906951904},"size":3.335466146469116,"orthographic":false}