{"cameraMode":{"drawMode":0,"name":"Shaded","section":"Shading Mode"},"sceneLighting":false,"audioPlay":false,"sceneViewState":{"showFog":true,"showMaterialUpdate":false,"showSkybox":false,"showFlares":true,"showImageEffects":true,"showParticleSystems":true},"in2DMode":false,"pivot":{"x":-0.7744911313056946,"y":1.2631163597106934,"z":1.2250257730484009},"rotation":{"x":-0.08072280138731003,"y":0.06813094019889832,"z":-0.005533178802579641,"w":-0.9943974614143372},"size":2.180989980697632,"orthographic":false}