{"cameraMode":{"drawMode":0,"name":"Shaded","section":"Shading Mode"},"sceneLighting":false,"audioPlay":false,"sceneViewState":{"showFog":true,"showMaterialUpdate":false,"showSkybox":false,"showFlares":true,"showImageEffects":true,"showParticleSystems":true},"in2DMode":false,"pivot":{"x":-2.384185791015625e-7,"y":0.28018319606781008,"z":0.21936628222465516},"rotation":{"x":0.013623840175569058,"y":0.16158878803253175,"z":-0.0022649175953119995,"w":0.9867968559265137},"size":1.7678619623184205,"orthographic":false}