{"cameraMode":{"drawMode":0,"name":"Shaded","section":"Shading Mode"},"sceneLighting":false,"audioPlay":false,"sceneViewState":{"showFog":true,"showMaterialUpdate":false,"showSkybox":false,"showFlares":true,"showImageEffects":true,"showParticleSystems":true},"in2DMode":false,"pivot":{"x":-0.19734016060829163,"y":0.620820164680481,"z":0.10462596267461777},"rotation":{"x":-0.040449392050504687,"y":0.04435736685991287,"z":-0.0017998507246375085,"w":-0.9982028007507324},"size":1.8547236919403077,"orthographic":false}